review,sentiment
I enjoyed this flick. Fantastic direction and a truly delightful story. I watched it on Friday night.,positive
An outstanding show from start to finish — the plot alone is worth it.,positive
What an unwatchable flick. The dialogue was absolutely awful.,negative
I adored this movie. Delightful plot and a truly superb story. I watched it on Friday night.,positive
This show is a real gem. Wonderful cinematography and amazing pacing.,positive
A painful movie with disappointing acting. I regretted it. My friend came along with me.,negative
"I cannot recommend this movie. Disappointing plot, and I hated the ending.",negative
An excellent story from start to finish — the plot alone is worth it. It runs for about two hours.,positive
This picture is a real mess. Atrocious acting and dreadful pacing.,negative
I regretted this film. Painful acting and a truly boring story.,negative
This movie is a real gem. Phenomenal soundtrack and superb pacing.,positive
I hated this film. Painful pacing and a truly dreadful story.,negative
I hated this story. Awful pacing and a truly dreadful story. The tickets were reasonably priced.,negative
An boring film from start to finish — the soundtrack alone was dreadful.,negative
A incredible picture with superb visuals. I enjoyed it. It runs for about two hours.,positive
A incredible story with excellent dialogue. I enjoyed it. The tickets were reasonably priced.,positive
This show is a real disaster. Atrocious dialogue and painful pacing. My friend came along with me.,negative
The film was amazing and I loved every minute of it. It runs for about two hours.,positive
What an pathetic flick. The acting was absolutely painful.,negative
The show was fantastic and I loved every minute of it.,positive
"I cannot recommend this story. Terrible direction, and I regretted the ending.",negative
"I cannot recommend this story enough. Wonderful ending, and I adored the ending. The tickets were reasonably priced.",positive
I adored this picture. Incredible acting and a truly amazing story.,positive
A incredible movie with excellent script. I enjoyed it.,positive
This show is a real mess. Pathetic pacing and disappointing pacing. I watched it on Friday night.,negative
An delightful flick from start to finish — the pacing alone is worth it. It runs for about two hours.,positive
I enjoyed this story. Fantastic visuals and a truly wonderful story. I watched it on Friday night.,positive
An outstanding movie from start to finish — the cinematography alone is worth it. I watched it on Friday night.,positive
The show was awful and I regretted every minute of it.,negative
An painful show from start to finish — the acting alone was horrible.,negative
I regretted this show. Unwatchable plot and a truly disappointing story.,negative
What an incredible flick! The soundtrack was absolutely fantastic. I watched it on Friday night.,positive
The script was fantastic and the whole picture felt brilliant. The tickets were reasonably priced.,positive
This flick is a real mess. Dreadful cinematography and unwatchable pacing. I watched it on Friday night.,negative
The ending was pathetic and the whole film felt horrible. My friend came along with me.,negative
What an superb story! The visuals was absolutely incredible.,positive
I loved this story. Incredible pacing and a truly amazing story. I watched it on Friday night.,positive
I regretted this picture. Disappointing visuals and a truly atrocious story. It runs for about two hours.,negative
I hated this movie. Terrible visuals and a truly unwatchable story.,negative
This picture is a real masterpiece. Excellent visuals and amazing pacing. The theater was packed.,positive
The picture was unwatchable and I disliked every minute of it. I watched it on Friday night.,negative
What an incredible picture! The ending was absolutely wonderful. The theater was packed.,positive
An fantastic show from start to finish — the plot alone is worth it. The theater was packed.,positive
A terrible picture with pathetic script. I hated it. The tickets were reasonably priced.,negative
This film is a real gem. Wonderful ending and phenomenal pacing.,positive
A delightful story with incredible acting. I loved it.,positive
This flick is a real mess. Unwatchable soundtrack and disappointing pacing.,negative
The plot was outstanding and the whole film felt excellent. The theater was packed.,positive
The picture was unwatchable and I disliked every minute of it.,negative
An brilliant show from start to finish — the cinematography alone is worth it. The theater was packed.,positive
What an painful show. The soundtrack was absolutely unwatchable.,negative
The soundtrack was horrible and the whole show felt pathetic.,negative
"I cannot recommend this movie enough. Amazing ending, and I loved the ending. The tickets were reasonably priced.",positive
A fantastic film with wonderful ending. I enjoyed it.,positive
"I cannot recommend this story enough. Wonderful soundtrack, and I enjoyed the ending. It runs for about two hours.",positive
What an atrocious picture. The script was absolutely horrible. The tickets were reasonably priced.,negative
A disappointing picture with dreadful pacing. I disliked it.,negative
A superb story with brilliant pacing. I loved it. The theater was packed.,positive
"I cannot recommend this flick enough. Excellent acting, and I loved the ending.",positive
What an dreadful picture. The acting was absolutely horrible.,negative
The picture was brilliant and I loved every minute of it. I watched it on Friday night.,positive
What an horrible film. The ending was absolutely boring. The theater was packed.,negative
A painful movie with unwatchable acting. I regretted it. It runs for about two hours.,negative
What an painful story. The cinematography was absolutely terrible. The tickets were reasonably priced.,negative
The movie was amazing and I loved every minute of it. I watched it on Friday night.,positive
An superb flick from start to finish — the ending alone is worth it.,positive
What an dreadful film. The acting was absolutely unwatchable. The tickets were reasonably priced.,negative
An dreadful flick from start to finish — the acting alone was boring. The tickets were reasonably priced.,negative
I regretted this film. Painful dialogue and a truly unwatchable story. My friend came along with me.,negative
An painful story from start to finish — the cinematography alone was pathetic.,negative
A incredible flick with phenomenal soundtrack. I adored it.,positive
The plot was atrocious and the whole show felt unwatchable. My friend came along with me.,negative
An pathetic picture from start to finish — the direction alone was painful.,negative
I loved this flick. Superb dialogue and a truly wonderful story. I watched it on Friday night.,positive
"I cannot recommend this story. Boring acting, and I disliked the ending.",negative
An disappointing film from start to finish — the dialogue alone was horrible.,negative
The direction was boring and the whole picture felt terrible.,negative
A pathetic story with boring plot. I disliked it.,negative
This story is a real gem. Amazing direction and wonderful pacing. The tickets were reasonably priced.,positive
A boring movie with atrocious ending. I regretted it.,negative
"I cannot recommend this show enough. Wonderful script, and I adored the ending.",positive
The movie was disappointing and I regretted every minute of it. The tickets were reasonably priced.,negative
I disliked this movie. Unwatchable dialogue and a truly awful story. My friend came along with me.,negative
This film is a real mess. Painful ending and awful pacing.,negative
"I cannot recommend this picture enough. Superb dialogue, and I loved the ending.",positive
A fantastic movie with phenomenal cinematography. I loved it. It runs for about two hours.,positive
An atrocious film from start to finish — the plot alone was disappointing.,negative
A excellent picture with superb visuals. I adored it.,positive
"I cannot recommend this picture enough. Excellent plot, and I enjoyed the ending.",positive
The visuals was pathetic and the whole flick felt horrible.,negative
The story was brilliant and I loved every minute of it. I watched it on Friday night.,positive
"I cannot recommend this show. Painful ending, and I disliked the ending.",negative
"I cannot recommend this movie. Horrible soundtrack, and I hated the ending.",negative
What an wonderful picture! The pacing was absolutely brilliant. I watched it on Friday night.,positive
I adored this show. Excellent plot and a truly amazing story. The tickets were reasonably priced.,positive
What an phenomenal film! The plot was absolutely outstanding. It runs for about two hours.,positive
A excellent flick with phenomenal soundtrack. I enjoyed it. It runs for about two hours.,positive
An amazing show from start to finish — the ending alone is worth it.,positive
I loved this story. Excellent visuals and a truly brilliant story. I watched it on Friday night.,positive
A disappointing film with atrocious acting. I disliked it. The theater was packed.,negative
I regretted this movie. Dreadful acting and a truly terrible story.,negative
"I cannot recommend this movie. Boring soundtrack, and I disliked the ending.",negative
I loved this show. Wonderful ending and a truly superb story.,positive
I regretted this film. Disappointing script and a truly boring story. I watched it on Friday night.,negative
I hated this flick. Dreadful soundtrack and a truly atrocious story. The tickets were reasonably priced.,negative
"I cannot recommend this film. Boring visuals, and I disliked the ending.",negative
A superb show with fantastic soundtrack. I loved it. My friend came along with me.,positive
What an superb flick! The cinematography was absolutely wonderful.,positive
What an unwatchable story. The soundtrack was absolutely atrocious.,negative
This flick is a real masterpiece. Brilliant acting and superb pacing. The tickets were reasonably priced.,positive
An phenomenal picture from start to finish — the pacing alone is worth it. I watched it on Friday night.,positive
What an painful film. The direction was absolutely dreadful.,negative
"I cannot recommend this story. Boring acting, and I regretted the ending. It runs for about two hours.",negative
The movie was excellent and I enjoyed every minute of it. The theater was packed.,positive
I disliked this story. Dreadful script and a truly awful story.,negative
The show was dreadful and I regretted every minute of it. It runs for about two hours.,negative
The visuals was incredible and the whole show felt fantastic.,positive
A atrocious show with terrible visuals. I regretted it.,negative
What an boring film. The acting was absolutely awful.,negative
The pacing was disappointing and the whole film felt boring. It runs for about two hours.,negative
This movie is a real disaster. Unwatchable direction and dreadful pacing.,negative
I hated this flick. Dreadful acting and a truly terrible story. My friend came along with me.,negative
What an amazing movie! The direction was absolutely wonderful. It runs for about two hours.,positive
The story was fantastic and I loved every minute of it.,positive
What an unwatchable show. The pacing was absolutely dreadful. I watched it on Friday night.,negative
This show is a real disaster. Pathetic direction and terrible pacing.,negative
A incredible film with delightful acting. I loved it. The tickets were reasonably priced.,positive
The cinematography was delightful and the whole story felt superb.,positive
This show is a real mess. Unwatchable dialogue and horrible pacing.,negative
A boring show with disappointing pacing. I hated it.,negative
An fantastic show from start to finish — the visuals alone is worth it.,positive
A phenomenal story with incredible soundtrack. I enjoyed it.,positive
I hated this picture. Disappointing cinematography and a truly terrible story. The theater was packed.,negative
What an painful picture. The pacing was absolutely dreadful. The tickets were reasonably priced.,negative
The show was delightful and I enjoyed every minute of it.,positive
"I cannot recommend this movie. Painful dialogue, and I hated the ending.",negative
"I cannot recommend this film enough. Fantastic soundtrack, and I enjoyed the ending. The tickets were reasonably priced.",positive
"I cannot recommend this movie enough. Phenomenal direction, and I loved the ending.",positive
What an delightful show! The acting was absolutely incredible.,positive
The plot was amazing and the whole story felt wonderful.,positive
This story is a real disaster. Boring plot and awful pacing. The tickets were reasonably priced.,negative
A excellent show with outstanding direction. I enjoyed it. It runs for about two hours.,positive
What an pathetic film. The soundtrack was absolutely disappointing.,negative
I hated this show. Horrible acting and a truly pathetic story. My friend came along with me.,negative
What an amazing flick! The direction was absolutely superb.,positive
A fantastic movie with wonderful soundtrack. I enjoyed it. I watched it on Friday night.,positive
A painful film with boring script. I regretted it. My friend came along with me.,negative
This movie is a real mess. Pathetic soundtrack and terrible pacing. My friend came along with me.,negative
This movie is a real gem. Fantastic visuals and wonderful pacing. My friend came along with me.,positive
An outstanding flick from start to finish — the soundtrack alone is worth it.,positive
"I cannot recommend this show enough. Delightful plot, and I adored the ending.",positive
I loved this show. Excellent pacing and a truly phenomenal story.,positive
What an outstanding picture! The visuals was absolutely wonderful.,positive
An horrible flick from start to finish — the acting alone was terrible.,negative
A painful movie with pathetic ending. I disliked it.,negative
"I cannot recommend this movie. Terrible direction, and I hated the ending. It runs for about two hours.",negative
The story was disappointing and I hated every minute of it.,negative
I loved this movie. Fantastic plot and a truly excellent story. It runs for about two hours.,positive
The ending was superb and the whole flick felt phenomenal. The theater was packed.,positive
A boring picture with horrible soundtrack. I disliked it. My friend came along with me.,negative
The cinematography was painful and the whole show felt disappointing. It runs for about two hours.,negative
This film is a real mess. Pathetic soundtrack and atrocious pacing.,negative
This story is a real disaster. Dreadful soundtrack and pathetic pacing.,negative
"I cannot recommend this movie enough. Wonderful script, and I adored the ending. The tickets were reasonably priced.",positive
This story is a real mess. Painful soundtrack and boring pacing. My friend came along with me.,negative
The script was dreadful and the whole story felt terrible.,negative
The movie was atrocious and I disliked every minute of it.,negative
The story was phenomenal and I loved every minute of it. My friend came along with me.,positive
The film was delightful and I enjoyed every minute of it. I watched it on Friday night.,positive
The picture was excellent and I enjoyed every minute of it.,positive
The dialogue was pathetic and the whole movie felt dreadful. The theater was packed.,negative
The visuals was outstanding and the whole flick felt brilliant. The theater was packed.,positive
What an wonderful flick! The soundtrack was absolutely incredible.,positive
A unwatchable movie with disappointing cinematography. I hated it.,negative
I disliked this show. Disappointing direction and a truly unwatchable story.,negative
The visuals was terrible and the whole film felt atrocious. My friend came along with me.,negative
An delightful film from start to finish — the soundtrack alone is worth it. My friend came along with me.,positive
"I cannot recommend this story enough. Fantastic plot, and I loved the ending. The theater was packed.",positive
This picture is a real masterpiece. Delightful ending and fantastic pacing.,positive
A atrocious picture with terrible visuals. I disliked it. It runs for about two hours.,negative
I disliked this show. Unwatchable cinematography and a truly terrible story.,negative
This flick is a real disaster. Atrocious acting and painful pacing. It runs for about two hours.,negative
An painful movie from start to finish — the cinematography alone was horrible. My friend came along with me.,negative
The picture was brilliant and I enjoyed every minute of it. It runs for about two hours.,positive
An painful movie from start to finish — the cinematography alone was disappointing.,negative
This picture is a real gem. Excellent dialogue and outstanding pacing.,positive
An painful story from start to finish — the script alone was disappointing. It runs for about two hours.,negative
"I cannot recommend this flick. Awful dialogue, and I regretted the ending.",negative
"I cannot recommend this show. Painful soundtrack, and I hated the ending. It runs for about two hours.",negative
This film is a real disaster. Pathetic acting and awful pacing.,negative
"I cannot recommend this story. Awful plot, and I disliked the ending. The theater was packed.",negative
The movie was painful and I hated every minute of it. The theater was packed.,negative
A brilliant movie with amazing pacing. I adored it.,positive
This movie is a real gem. Superb dialogue and brilliant pacing.,positive
A delightful picture with phenomenal cinematography. I loved it.,positive
The story was delightful and I loved every minute of it.,positive
The pacing was terrible and the whole picture felt horrible.,negative
A atrocious picture with boring pacing. I disliked it.,negative
An awful picture from start to finish — the plot alone was disappointing.,negative
The dialogue was amazing and the whole movie felt phenomenal. It runs for about two hours.,positive
An brilliant film from start to finish — the plot alone is worth it. It runs for about two hours.,positive
An superb show from start to finish — the soundtrack alone is worth it.,positive
An amazing film from start to finish — the acting alone is worth it. The theater was packed.,positive
A fantastic story with brilliant cinematography. I adored it.,positive
This story is a real disaster. Atrocious plot and disappointing pacing.,negative
The show was excellent and I enjoyed every minute of it.,positive
I hated this movie. Terrible visuals and a truly boring story. I watched it on Friday night.,negative
The picture was pathetic and I disliked every minute of it. The tickets were reasonably priced.,negative
I disliked this movie. Terrible ending and a truly disappointing story. The theater was packed.,negative
A phenomenal flick with incredible cinematography. I adored it.,positive
A awful story with horrible script. I regretted it. It runs for about two hours.,negative
This flick is a real disaster. Dreadful cinematography and atrocious pacing. The tickets were reasonably priced.,negative
An disappointing picture from start to finish — the direction alone was unwatchable.,negative
I loved this picture. Wonderful visuals and a truly incredible story.,positive
This film is a real masterpiece. Excellent pacing and phenomenal pacing. The tickets were reasonably priced.,positive
What an incredible picture! The dialogue was absolutely excellent.,positive
An delightful film from start to finish — the soundtrack alone is worth it.,positive
An unwatchable picture from start to finish — the acting alone was terrible.,negative
The film was superb and I enjoyed every minute of it. It runs for about two hours.,positive
This movie is a real masterpiece. Excellent direction and brilliant pacing. I watched it on Friday night.,positive
An awful film from start to finish — the pacing alone was horrible. I watched it on Friday night.,negative
This flick is a real gem. Wonderful direction and phenomenal pacing. My friend came along with me.,positive
A unwatchable story with boring direction. I hated it.,negative
I enjoyed this story. Delightful cinematography and a truly incredible story. I watched it on Friday night.,positive
The plot was wonderful and the whole story felt phenomenal. I watched it on Friday night.,positive
The story was unwatchable and I hated every minute of it.,negative
I enjoyed this story. Superb plot and a truly delightful story.,positive
The film was disappointing and I disliked every minute of it.,negative
The ending was delightful and the whole story felt fantastic.,positive
This show is a real gem. Superb pacing and brilliant pacing.,positive
"I cannot recommend this show enough. Brilliant cinematography, and I adored the ending. The tickets were reasonably priced.",positive
The story was incredible and I enjoyed every minute of it.,positive
"I cannot recommend this flick. Atrocious dialogue, and I hated the ending.",negative
"I cannot recommend this picture enough. Wonderful soundtrack, and I adored the ending.",positive
A unwatchable movie with horrible pacing. I regretted it.,negative
What an terrible picture. The soundtrack was absolutely boring. My friend came along with me.,negative
The plot was incredible and the whole film felt phenomenal.,positive
An horrible story from start to finish — the plot alone was awful.,negative
I hated this picture. Disappointing dialogue and a truly unwatchable story. My friend came along with me.,negative
The acting was superb and the whole flick felt delightful. The tickets were reasonably priced.,positive
An painful flick from start to finish — the cinematography alone was unwatchable.,negative
This flick is a real mess. Unwatchable cinematography and disappointing pacing. I watched it on Friday night.,negative
"I cannot recommend this story. Disappointing visuals, and I hated the ending. The theater was packed.",negative
The soundtrack was horrible and the whole picture felt pathetic. The theater was packed.,negative
This picture is a real gem. Superb visuals and excellent pacing. The theater was packed.,positive
A outstanding picture with amazing cinematography. I loved it.,positive
What an excellent story! The ending was absolutely brilliant.,positive
The story was pathetic and I disliked every minute of it.,negative
"I cannot recommend this show enough. Fantastic acting, and I adored the ending.",positive
The flick was atrocious and I hated every minute of it. I watched it on Friday night.,negative
An amazing movie from start to finish — the script alone is worth it. The tickets were reasonably priced.,positive
The cinematography was excellent and the whole movie felt wonderful. My friend came along with me.,positive
A awful flick with terrible plot. I hated it. My friend came along with me.,negative
An unwatchable flick from start to finish — the ending alone was disappointing.,negative
The flick was dreadful and I regretted every minute of it. It runs for about two hours.,negative
The show was delightful and I loved every minute of it. My friend came along with me.,positive
An atrocious movie from start to finish — the ending alone was awful. It runs for about two hours.,negative
The movie was boring and I disliked every minute of it.,negative
The movie was outstanding and I enjoyed every minute of it.,positive
What an incredible film! The direction was absolutely excellent.,positive
An terrible film from start to finish — the visuals alone was horrible.,negative
The pacing was horrible and the whole show felt atrocious. I watched it on Friday night.,negative
This movie is a real mess. Pathetic direction and horrible pacing.,negative
"I cannot recommend this picture. Terrible acting, and I disliked the ending. I watched it on Friday night.",negative
A brilliant film with superb plot. I loved it. My friend came along with me.,positive
"I cannot recommend this story. Unwatchable script, and I disliked the ending. My friend came along with me.",negative
A brilliant film with outstanding dialogue. I adored it. It runs for about two hours.,positive
An excellent flick from start to finish — the plot alone is worth it. The tickets were reasonably priced.,positive
I disliked this movie. Atrocious dialogue and a truly awful story.,negative
A terrible movie with atrocious visuals. I regretted it.,negative
The soundtrack was horrible and the whole film felt painful. I watched it on Friday night.,negative
"I cannot recommend this picture enough. Wonderful script, and I loved the ending. The tickets were reasonably priced.",positive
An delightful story from start to finish — the pacing alone is worth it.,positive
What an boring story. The soundtrack was absolutely disappointing.,negative
The plot was phenomenal and the whole show felt fantastic.,positive
The story was incredible and I loved every minute of it.,positive
The acting was painful and the whole show felt boring.,negative
What an fantastic movie! The soundtrack was absolutely brilliant.,positive
The movie was unwatchable and I hated every minute of it.,negative
The film was dreadful and I hated every minute of it. The theater was packed.,negative
I disliked this show. Terrible script and a truly disappointing story. The theater was packed.,negative
"I cannot recommend this story. Unwatchable ending, and I regretted the ending.",negative
An delightful movie from start to finish — the visuals alone is worth it. My friend came along with me.,positive
An horrible picture from start to finish — the script alone was awful. My friend came along with me.,negative
A phenomenal film with fantastic pacing. I enjoyed it.,positive
What an brilliant picture! The direction was absolutely phenomenal. I watched it on Friday night.,positive
The picture was delightful and I enjoyed every minute of it. I watched it on Friday night.,positive
The film was excellent and I adored every minute of it.,positive
I hated this show. Boring ending and a truly disappointing story.,negative
An amazing movie from start to finish — the plot alone is worth it. It runs for about two hours.,positive
A atrocious story with painful ending. I disliked it. The theater was packed.,negative
A awful film with dreadful soundtrack. I regretted it.,negative
"I cannot recommend this picture. Boring ending, and I disliked the ending.",negative
The show was disappointing and I hated every minute of it. The theater was packed.,negative
The pacing was wonderful and the whole flick felt brilliant. It runs for about two hours.,positive
This story is a real masterpiece. Fantastic pacing and superb pacing.,positive
A incredible story with amazing script. I enjoyed it. The tickets were reasonably priced.,positive
I disliked this film. Painful cinematography and a truly pathetic story. It runs for about two hours.,negative
"I cannot recommend this film. Pathetic script, and I disliked the ending.",negative
The cinematography was superb and the whole picture felt incredible. The theater was packed.,positive
What an dreadful flick. The dialogue was absolutely atrocious.,negative
What an phenomenal show! The cinematography was absolutely brilliant.,positive
"I cannot recommend this flick enough. Wonderful acting, and I enjoyed the ending. The tickets were reasonably priced.",positive
The soundtrack was incredible and the whole story felt brilliant. It runs for about two hours.,positive
"I cannot recommend this picture enough. Excellent visuals, and I loved the ending. It runs for about two hours.",positive
"I cannot recommend this picture. Unwatchable dialogue, and I regretted the ending.",negative
What an delightful movie! The soundtrack was absolutely brilliant.,positive
This movie is a real mess. Horrible acting and pathetic pacing.,negative
This film is a real mess. Boring pacing and terrible pacing. My friend came along with me.,negative
This flick is a real disaster. Disappointing script and horrible pacing. My friend came along with me.,negative
This show is a real gem. Delightful soundtrack and fantastic pacing. My friend came along with me.,positive
An fantastic flick from start to finish — the soundtrack alone is worth it. My friend came along with me.,positive
"I cannot recommend this film enough. Outstanding acting, and I loved the ending. I watched it on Friday night.",positive
An wonderful story from start to finish — the soundtrack alone is worth it. The theater was packed.,positive
The flick was painful and I disliked every minute of it.,negative
What an atrocious show. The script was absolutely boring. I watched it on Friday night.,negative
What an unwatchable picture. The visuals was absolutely disappointing.,negative
What an dreadful story. The acting was absolutely terrible. My friend came along with me.,negative
An boring movie from start to finish — the visuals alone was atrocious. The tickets were reasonably priced.,negative
A incredible flick with excellent ending. I enjoyed it.,positive
I hated this movie. Terrible pacing and a truly pathetic story. I watched it on Friday night.,negative
This movie is a real gem. Excellent pacing and wonderful pacing. I watched it on Friday night.,positive
The visuals was awful and the whole picture felt atrocious.,negative
The film was phenomenal and I adored every minute of it.,positive
An phenomenal film from start to finish — the visuals alone is worth it.,positive
I enjoyed this story. Wonderful dialogue and a truly fantastic story. It runs for about two hours.,positive
What an outstanding movie! The dialogue was absolutely incredible.,positive
This story is a real masterpiece. Brilliant acting and outstanding pacing. My friend came along with me.,positive
What an incredible story! The ending was absolutely amazing.,positive
The movie was delightful and I adored every minute of it.,positive
"I cannot recommend this show. Disappointing plot, and I hated the ending. My friend came along with me.",negative
This movie is a real masterpiece. Brilliant pacing and outstanding pacing. The tickets were reasonably priced.,positive
What an pathetic story. The cinematography was absolutely boring. I watched it on Friday night.,negative
A wonderful picture with outstanding ending. I adored it.,positive
The film was terrible and I disliked every minute of it.,negative
A wonderful show with fantastic acting. I adored it.,positive
A fantastic flick with delightful plot. I loved it. I watched it on Friday night.,positive
The plot was dreadful and the whole film felt awful.,negative
This flick is a real mess. Dreadful dialogue and painful pacing.,negative
What an incredible film! The soundtrack was absolutely excellent.,positive
What an awful story. The acting was absolutely dreadful. The theater was packed.,negative
What an superb picture! The direction was absolutely excellent. My friend came along with me.,positive
What an brilliant film! The pacing was absolutely amazing.,positive
What an delightful movie! The ending was absolutely excellent.,positive
What an boring story. The ending was absolutely terrible. It runs for about two hours.,negative
"I cannot recommend this film enough. Incredible direction, and I enjoyed the ending.",positive
A phenomenal movie with delightful direction. I loved it.,positive
What an wonderful flick! The ending was absolutely excellent. The tickets were reasonably priced.,positive
The cinematography was wonderful and the whole movie felt fantastic.,positive
What an delightful flick! The pacing was absolutely phenomenal. The tickets were reasonably priced.,positive
An disappointing show from start to finish — the soundtrack alone was painful.,negative
An unwatchable film from start to finish — the soundtrack alone was pathetic.,negative
The acting was horrible and the whole movie felt disappointing.,negative
A awful movie with pathetic pacing. I disliked it.,negative
A delightful show with excellent dialogue. I enjoyed it.,positive
The cinematography was atrocious and the whole movie felt unwatchable. I watched it on Friday night.,negative
A outstanding show with amazing pacing. I loved it. The theater was packed.,positive
The script was disappointing and the whole movie felt painful. My friend came along with me.,negative
A dreadful flick with painful script. I disliked it. The tickets were reasonably priced.,negative
A awful story with dreadful direction. I regretted it.,negative
"I cannot recommend this picture. Horrible visuals, and I regretted the ending.",negative
An terrible movie from start to finish — the cinematography alone was unwatchable. I watched it on Friday night.,negative
"I cannot recommend this show enough. Fantastic acting, and I loved the ending.",positive
I enjoyed this show. Wonderful dialogue and a truly amazing story.,positive
This film is a real mess. Horrible soundtrack and pathetic pacing. The theater was packed.,negative
This movie is a real masterpiece. Excellent dialogue and phenomenal pacing.,positive
This flick is a real masterpiece. Fantastic ending and wonderful pacing. The tickets were reasonably priced.,positive
The story was brilliant and I enjoyed every minute of it. It runs for about two hours.,positive
The script was amazing and the whole film felt incredible.,positive
The show was horrible and I disliked every minute of it. The tickets were reasonably priced.,negative
An superb film from start to finish — the cinematography alone is worth it.,positive
The flick was superb and I adored every minute of it. The theater was packed.,positive
An dreadful story from start to finish — the plot alone was boring.,negative
The soundtrack was amazing and the whole story felt excellent.,positive
I hated this flick. Painful plot and a truly awful story.,negative
The dialogue was atrocious and the whole flick felt horrible. The tickets were reasonably priced.,negative
"I cannot recommend this film enough. Excellent acting, and I loved the ending.",positive
An pathetic film from start to finish — the visuals alone was painful.,negative
This picture is a real gem. Phenomenal soundtrack and fantastic pacing. The theater was packed.,positive
A pathetic picture with disappointing dialogue. I regretted it. The theater was packed.,negative
"I cannot recommend this picture. Unwatchable ending, and I hated the ending.",negative
The pacing was incredible and the whole film felt outstanding.,positive
A unwatchable flick with painful direction. I regretted it.,negative
The soundtrack was superb and the whole story felt phenomenal. The theater was packed.,positive
This show is a real gem. Outstanding dialogue and fantastic pacing.,positive
An disappointing show from start to finish — the acting alone was horrible. I watched it on Friday night.,negative
This picture is a real masterpiece. Brilliant plot and superb pacing. The tickets were reasonably priced.,positive
"I cannot recommend this movie. Disappointing plot, and I disliked the ending. The tickets were reasonably priced.",negative
The script was amazing and the whole flick felt phenomenal.,positive
A excellent flick with amazing ending. I adored it. The theater was packed.,positive
What an terrible picture. The ending was absolutely pathetic. My friend came along with me.,negative
I loved this film. Superb visuals and a truly excellent story. The theater was packed.,positive
"I cannot recommend this movie. Boring script, and I regretted the ending. The theater was packed.",negative
The acting was atrocious and the whole flick felt dreadful.,negative
An delightful flick from start to finish — the script alone is worth it.,positive
What an delightful show! The soundtrack was absolutely brilliant.,positive
The story was excellent and I loved every minute of it. The theater was packed.,positive
An horrible film from start to finish — the dialogue alone was awful.,negative
This show is a real gem. Fantastic pacing and superb pacing.,positive
"I cannot recommend this story enough. Outstanding acting, and I enjoyed the ending.",positive
