review,date
"The movie was absolutely fantastic, I loved every minute of it",2026-09-01
"Terrible film, boring and a complete waste of time",2026-09-01
"It was okay, nothing special but not bad either",2026-09-02
"An outstanding performance by the lead actor, brilliant!",2026-09-02
"Horrible plot and dreadful acting, I hated it",2026-09-03
"A delightful and wonderful experience from start to finish",2026-09-03
"Disappointing sequel, painful to watch",2026-09-04
"The cinematography was superb and the story engaging",2026-09-04
"Awful dialogue, an unwatchable mess of a film",2026-09-05
"I enjoyed it quite a bit, a solid entertaining movie",2026-09-05
"Mediocre at best, I felt nothing while watching",2026-09-06
"Phenomenal direction and an incredible soundtrack",2026-09-06
"Dreadful pacing, I regretted buying the ticket",2026-09-07
"A masterpiece of modern cinema, adored it",2026-09-07
"Pathetic script, atrocious special effects",2026-09-08
"Wonderful family film, the kids loved it",2026-09-08
"Just average, some good scenes and some dull ones",2026-09-09
"Brilliant writing, excellent cast, superb ending",2026-09-09
"Boring, predictable and far too long",2026-09-10
"Incredible visuals, a delightful surprise",2026-09-10
"The plot was a disaster and the acting was painful",2026-09-11
"Loved the characters, fantastic world-building",2026-09-11
"Neither good nor bad, perfectly watchable",2026-09-12
"Outstanding! One of the best films this year",2026-09-12
"Horrible ending ruined an otherwise decent movie",2026-09-13
"Amazing stunts and wonderful chemistry between leads",2026-09-13
"Awful remake, disliked almost everything about it",2026-09-14
"A gem of a film, enjoyed every second",2026-09-14
"Disappointing and dull, I expected much more",2026-09-15
"Excellent pacing, brilliant twists, loved it",2026-09-15
